"Voksne 1. januar efter tid, alder, område og antal personer i husstand "

" "," "," ","1 person","2 personer","3 personer","4 personer","5 personer","6 personer og derover"
"2020"
" ","Under 20 år"
" "," ","København",674,879,567,302,149,290
" "," ","Frederiksberg",91,132,75,29,8,26
" "," ","Dragør",2,4,5,3,4,1
" "," ","Tårnby",15,26,20,15,15,17
" "," ","Albertslund",88,24,26,13,21,23
" "," ","Ballerup",44,24,19,11,9,12
" "," ","Brøndby",13,20,20,15,12,23
" "," ","Gentofte",44,56,36,23,19,23
" "," ","Gladsaxe",46,47,34,25,14,38
" "," ","Glostrup",14,22,11,7,8,5
" "," ","Herlev",42,19,10,6,5,5
" "," ","Hvidovre",69,48,26,12,12,37
" "," ","Høje-Taastrup",17,31,32,35,26,34
" "," ","Ishøj",15,10,13,9,19,30
" "," ","Lyngby-Taarbæk",97,49,23,8,9,9
" "," ","Rødovre",22,35,25,18,7,22
" "," ","Vallensbæk",4,7,16,8,8,14
" "," ","Allerød",9,4,10,7,13,10
" "," ","Egedal",13,11,10,12,10,14
" "," ","Fredensborg",10,20,13,15,8,23
" "," ","Frederikssund",22,23,25,19,9,21
" "," ","Furesø",9,19,15,9,10,22
" "," ","Gribskov",21,6,24,14,14,28
" "," ","Halsnæs",16,21,24,15,11,16
" "," ","Helsingør",32,57,26,22,15,36
" "," ","Hillerød",56,40,21,20,6,24
" "," ","Hørsholm",3,9,6,7,5,5
" "," ","Rudersdal",75,31,23,13,7,16
" "," ","Bornholm",54,33,19,8,14,11
" "," ","Christiansø",0,0,0,0,0,0
" "," ","Greve",36,21,37,17,13,24
" "," ","Køge",35,43,37,33,21,29
" "," ","Lejre",13,9,15,16,12,9
" "," ","Roskilde",128,108,31,32,21,34
" "," ","Solrød",4,18,7,9,9,5
" "," ","Faxe",28,36,20,19,14,42
" "," ","Guldborgsund",94,110,51,34,19,33
" "," ","Holbæk",70,83,50,32,24,82
" "," ","Kalundborg",47,65,45,21,14,42
" "," ","Lolland",64,70,25,18,17,23
" "," ","Næstved",118,140,40,58,34,92
" "," ","Odsherred",21,44,24,14,10,31
" "," ","Ringsted",32,29,18,17,12,21
" "," ","Slagelse",125,144,56,28,36,46
" "," ","Sorø",24,21,18,11,6,11
" "," ","Stevns",7,13,16,15,4,12
" "," ","Vordingborg",58,56,34,24,24,60
" "," ","Assens",21,32,26,13,13,20
" "," ","Faaborg-Midtfyn",38,56,25,11,16,45
" "," ","Kerteminde",31,21,10,8,9,9
" "," ","Langeland",8,17,13,4,2,4
" "," ","Middelfart",30,38,21,11,12,25
" "," ","Nordfyns",13,23,18,11,13,24
" "," ","Nyborg",49,54,14,14,10,44
" "," ","Odense",278,453,221,125,88,134
" "," ","Svendborg",161,69,35,20,11,54
" "," ","Ærø",45,15,11,0,3,3
" "," ","Billund",47,34,12,10,3,9
" "," ","Esbjerg",205,230,61,27,19,24
" "," ","Fanø",1,2,0,0,0,0
" "," ","Fredericia",77,88,27,14,14,21
" "," ","Haderslev",90,88,36,21,11,33
" "," ","Kolding",174,182,78,31,14,48
" "," ","Sønderborg",200,120,57,23,18,32
" "," ","Tønder",36,57,25,9,12,33
" "," ","Varde",61,51,29,23,14,13
" "," ","Vejen",43,58,39,13,8,23
" "," ","Vejle",199,173,57,41,29,59
" "," ","Aabenraa",96,90,57,20,12,29
" "," ","Favrskov",23,31,19,11,12,20
" "," ","Hedensted",18,24,20,9,16,44
" "," ","Horsens",212,164,72,52,25,55
" "," ","Norddjurs",116,106,38,30,47,40
" "," ","Odder",15,17,15,6,9,15
" "," ","Randers",188,170,61,36,23,23
" "," ","Samsø",2,2,1,1,2,0
" "," ","Silkeborg",122,97,51,40,20,33
" "," ","Skanderborg",32,29,29,37,15,15
" "," ","Syddjurs",23,29,18,18,7,63
" "," ","Aarhus",496,642,262,132,101,254
" "," ","Herning",189,143,44,41,14,43
" "," ","Holstebro",120,92,27,24,16,47
" "," ","Ikast-Brande",57,46,22,20,10,80
" "," ","Lemvig",33,25,16,9,4,20
" "," ","Ringkøbing-Skjern",53,69,38,18,13,128
" "," ","Skive",78,76,14,10,5,15
" "," ","Struer",28,24,18,6,4,49
" "," ","Viborg",242,147,49,34,34,47
" "," ","Brønderslev",41,35,30,20,9,18
" "," ","Frederikshavn",85,105,35,14,10,26
" "," ","Hjørring",64,110,42,18,21,24
" "," ","Jammerbugt",26,33,14,12,13,34
" "," ","Læsø",0,4,0,1,0,0
" "," ","Mariagerfjord",45,63,16,27,12,29
" "," ","Morsø",48,25,11,9,10,10
" "," ","Rebild",6,24,14,10,4,1
" "," ","Thisted",60,69,18,15,9,37
" "," ","Vesthimmerlands",59,54,20,15,13,16
" "," ","Aalborg",420,581,169,79,49,97
" ","20-29 år"
" "," ","København",31452,64394,27172,11976,4868,6559
" "," ","Frederiksberg",4391,8912,3018,1149,390,467
" "," ","Dragør",65,121,122,66,34,66
" "," ","Tårnby",573,904,653,352,181,318
" "," ","Albertslund",1154,788,478,338,194,218
" "," ","Ballerup",984,1353,817,430,198,162
" "," ","Brøndby",554,945,685,492,228,333
" "," ","Gentofte",1057,1903,860,499,441,718
" "," ","Gladsaxe",2107,2692,1353,749,330,332
" "," ","Glostrup",587,941,478,231,126,151
" "," ","Herlev",872,833,494,245,86,58
" "," ","Hvidovre",1535,1745,916,555,277,445
" "," ","Høje-Taastrup",750,1482,1074,705,421,606
" "," ","Ishøj",417,659,466,436,240,314
" "," ","Lyngby-Taarbæk",2501,2266,735,281,177,246
" "," ","Rødovre",876,1523,794,444,202,294
" "," ","Vallensbæk",153,368,337,198,145,234
" "," ","Allerød",197,247,277,128,89,72
" "," ","Egedal",251,543,657,401,165,195
" "," ","Fredensborg",305,589,590,336,186,206
" "," ","Frederikssund",389,734,670,409,197,241
" "," ","Furesø",320,509,445,291,143,230
" "," ","Gribskov",169,423,556,352,194,327
" "," ","Halsnæs",226,502,497,334,202,234
" "," ","Helsingør",864,1326,844,550,274,314
" "," ","Hillerød",859,1484,763,483,235,347
" "," ","Hørsholm",236,358,192,107,84,86
" "," ","Rudersdal",1076,1026,587,264,218,300
" "," ","Bornholm",596,775,545,276,108,121
" "," ","Christiansø",0,0,0,0,0,0
" "," ","Greve",437,807,759,483,231,347
" "," ","Køge",734,1715,1135,664,319,451
" "," ","Lejre",106,291,326,286,79,166
" "," ","Roskilde",2686,3163,1349,660,260,437
" "," ","Solrød",203,388,381,216,75,62
" "," ","Faxe",408,755,658,402,194,231
" "," ","Guldborgsund",1167,1660,1004,568,194,245
" "," ","Holbæk",1033,1865,1213,753,324,390
" "," ","Kalundborg",605,1061,804,521,192,199
" "," ","Lolland",577,824,583,371,141,170
" "," ","Næstved",1710,2888,1504,843,327,413
" "," ","Odsherred",313,579,479,292,142,167
" "," ","Ringsted",566,1080,697,428,138,234
" "," ","Slagelse",2091,3247,1600,850,339,339
" "," ","Sorø",310,676,477,249,106,126
" "," ","Stevns",139,366,359,227,102,124
" "," ","Vordingborg",684,972,681,401,174,227
" "," ","Assens",433,824,685,378,122,135
" "," ","Faaborg-Midtfyn",525,1103,847,449,159,268
" "," ","Kerteminde",241,436,338,228,74,92
" "," ","Langeland",119,228,143,62,30,34
" "," ","Middelfart",445,931,633,330,87,86
" "," ","Nordfyns",259,552,487,308,138,203
" "," ","Nyborg",460,752,487,294,86,73
" "," ","Odense",10576,17431,6149,2596,1047,1823
" "," ","Svendborg",1420,1504,920,532,184,318
" "," ","Ærø",103,92,72,28,8,16
" "," ","Billund",502,628,406,285,53,73
" "," ","Esbjerg",3969,5008,2291,1116,317,314
" "," ","Fanø",13,29,19,20,3,3
" "," ","Fredericia",1317,1694,934,448,134,172
" "," ","Haderslev",1149,1685,956,531,177,185
" "," ","Kolding",2565,3890,1748,878,307,316
" "," ","Sønderborg",1805,1992,1107,635,204,222
" "," ","Tønder",581,877,628,386,161,122
" "," ","Varde",699,1222,869,497,232,179
" "," ","Vejen",548,1033,802,465,161,225
" "," ","Vejle",2340,4093,2073,1074,383,508
" "," ","Aabenraa",1078,1562,917,525,200,158
" "," ","Favrskov",426,943,712,400,132,185
" "," ","Hedensted",444,929,777,469,136,209
" "," ","Horsens",2698,3881,1860,960,371,416
" "," ","Norddjurs",718,1066,600,364,156,211
" "," ","Odder",258,371,299,189,54,117
" "," ","Randers",2700,4201,1802,894,236,245
" "," ","Samsø",19,44,39,10,11,6
" "," ","Silkeborg",1635,2766,1644,783,301,315
" "," ","Skanderborg",586,983,795,485,149,153
" "," ","Syddjurs",362,664,581,337,140,278
" "," ","Aarhus",17769,39247,13995,5401,2127,3748
" "," ","Herning",2431,3517,1606,890,301,355
" "," ","Holstebro",1618,2199,1083,556,194,286
" "," ","Ikast-Brande",555,1098,706,438,137,211
" "," ","Lemvig",323,414,258,173,32,57
" "," ","Ringkøbing-Skjern",901,1361,888,548,217,231
" "," ","Skive",1132,1410,723,336,114,96
" "," ","Struer",343,487,325,161,49,67
" "," ","Viborg",2174,3107,1717,879,257,318
" "," ","Brønderslev",507,931,666,375,106,111
" "," ","Frederikshavn",1163,1519,885,482,137,123
" "," ","Hjørring",1264,2019,1047,617,193,184
" "," ","Jammerbugt",440,806,665,352,150,131
" "," ","Læsø",16,24,12,9,3,0
" "," ","Mariagerfjord",693,1021,772,442,95,149
" "," ","Morsø",315,542,311,181,53,37
" "," ","Rebild",252,693,550,274,85,75
" "," ","Thisted",781,1174,740,402,130,115
" "," ","Vesthimmerlands",542,970,613,334,152,134
" "," ","Aalborg",13179,19422,5609,2126,707,1046
" ","30-39 år"
" "," ","København",21960,34113,28369,21354,6705,5636
" "," ","Frederiksberg",2956,4820,4193,3050,756,401
" "," ","Dragør",80,155,331,470,172,91
" "," ","Tårnby",482,834,1100,1843,589,348
" "," ","Albertslund",445,451,632,904,480,331
" "," ","Ballerup",656,880,1267,1783,623,299
" "," ","Brøndby",460,679,978,1327,600,458
" "," ","Gentofte",926,1259,1526,2087,798,580
" "," ","Gladsaxe",1180,1601,2115,2695,980,427
" "," ","Glostrup",473,500,696,858,322,247
" "," ","Herlev",401,580,761,1219,418,142
" "," ","Hvidovre",826,1168,1567,2208,773,535
" "," ","Høje-Taastrup",739,1052,1363,1863,860,825
" "," ","Ishøj",294,425,622,899,550,415
" "," ","Lyngby-Taarbæk",917,1094,1246,1748,606,233
" "," ","Rødovre",716,974,1221,1692,576,359
" "," ","Vallensbæk",131,282,489,789,348,270
" "," ","Allerød",166,258,596,1075,331,116
" "," ","Egedal",217,526,1080,1848,572,335
" "," ","Fredensborg",338,558,962,1351,496,323
" "," ","Frederikssund",372,556,924,1290,575,327
" "," ","Furesø",270,473,895,1661,593,365
" "," ","Gribskov",208,420,733,1066,485,398
" "," ","Halsnæs",255,408,664,840,399,308
" "," ","Helsingør",708,854,1205,1822,663,411
" "," ","Hillerød",597,804,1198,1932,648,365
" "," ","Hørsholm",171,293,414,693,219,110
" "," ","Rudersdal",449,654,1173,1835,577,257
" "," ","Bornholm",535,521,726,910,480,183
" "," ","Christiansø",3,0,0,1,2,0
" "," ","Greve",330,695,1286,1967,684,486
" "," ","Køge",542,1045,1455,2225,705,524
" "," ","Lejre",149,313,599,1050,346,294
" "," ","Roskilde",1138,1374,1894,3054,1081,517
" "," ","Solrød",158,311,672,1008,301,107
" "," ","Faxe",369,616,862,1083,490,281
" "," ","Guldborgsund",905,1012,1270,1650,585,343
" "," ","Holbæk",895,1241,1538,2349,887,559
" "," ","Kalundborg",639,834,1007,1410,521,288
" "," ","Lolland",578,654,786,940,439,212
" "," ","Næstved",1241,1570,1927,2623,931,555
" "," ","Odsherred",320,398,619,756,325,207
" "," ","Ringsted",453,630,874,1279,416,346
" "," ","Slagelse",1188,1463,1850,2442,860,493
" "," ","Sorø",307,476,670,1010,380,189
" "," ","Stevns",184,333,499,735,248,187
" "," ","Vordingborg",531,701,843,1175,435,293
" "," ","Assens",443,656,888,1322,511,179
" "," ","Faaborg-Midtfyn",535,757,1114,1844,585,268
" "," ","Kerteminde",230,355,522,814,240,121
" "," ","Langeland",138,177,212,319,87,75
" "," ","Middelfart",408,544,814,1327,408,163
" "," ","Nordfyns",271,455,621,1020,354,182
" "," ","Nyborg",405,510,622,1076,365,125
" "," ","Odense",4223,4807,5140,6778,2239,1287
" "," ","Svendborg",812,934,1190,1881,648,338
" "," ","Ærø",53,63,70,110,44,26
" "," ","Billund",400,460,655,1007,350,133
" "," ","Esbjerg",2069,2016,2545,4054,1610,493
" "," ","Fanø",23,32,51,91,29,17
" "," ","Fredericia",941,1044,1117,1745,618,283
" "," ","Haderslev",886,940,1127,1755,720,335
" "," ","Kolding",1527,1879,2130,3471,1150,488
" "," ","Sønderborg",1189,1171,1391,2320,871,327
" "," ","Tønder",506,533,656,1225,528,232
" "," ","Varde",639,725,1016,1724,787,296
" "," ","Vejen",531,694,957,1525,685,316
" "," ","Vejle",1791,2341,2859,4438,1495,704
" "," ","Aabenraa",838,919,1147,1892,787,280
" "," ","Favrskov",446,697,1099,2141,719,266
" "," ","Hedensted",463,721,1007,1747,723,299
" "," ","Horsens",1434,1875,2386,3741,1269,500
" "," ","Norddjurs",527,590,786,1045,400,202
" "," ","Odder",254,317,482,822,258,128
" "," ","Randers",1791,2058,2115,3345,1140,446
" "," ","Samsø",33,52,65,62,40,26
" "," ","Silkeborg",1270,1602,2227,3683,1376,452
" "," ","Skanderborg",588,906,1604,3177,980,260
" "," ","Syddjurs",404,633,920,1430,534,269
" "," ","Aarhus",7702,10135,9632,11748,4024,2871
" "," ","Herning",1402,1542,2016,3203,1357,473
" "," ","Holstebro",910,960,1221,2155,985,332
" "," ","Ikast-Brande",605,699,1011,1624,640,257
" "," ","Lemvig",245,261,310,523,230,107
" "," ","Ringkøbing-Skjern",717,795,994,1763,961,386
" "," ","Skive",797,727,831,1459,616,148
" "," ","Struer",305,304,386,571,279,78
" "," ","Viborg",1552,1669,2034,3557,1415,553
" "," ","Brønderslev",442,564,804,1402,519,155
" "," ","Frederikshavn",896,949,1141,1809,692,228
" "," ","Hjørring",896,1008,1237,2062,778,327
" "," ","Jammerbugt",442,572,784,1291,523,192
" "," ","Læsø",18,18,18,14,14,9
" "," ","Mariagerfjord",635,692,872,1309,504,163
" "," ","Morsø",286,289,348,551,279,105
" "," ","Rebild",313,522,769,1421,476,138
" "," ","Thisted",619,635,796,1411,677,225
" "," ","Vesthimmerlands",487,594,733,1296,494,227
" "," ","Aalborg",4770,5320,5217,7393,2316,894
" ","40-49 år"
" "," ","København",16873,16835,15183,20653,8044,4460
" "," ","Frederiksberg",2495,2757,2702,3933,1279,524
" "," ","Dragør",123,218,451,950,306,133
" "," ","Tårnby",615,973,1309,2304,829,348
" "," ","Albertslund",423,539,698,1080,592,333
" "," ","Ballerup",813,1055,1372,2185,863,308
" "," ","Brøndby",578,736,911,1274,567,449
" "," ","Gentofte",1118,1262,1670,3812,2007,915
" "," ","Gladsaxe",1277,1324,1718,3371,1342,459
" "," ","Glostrup",505,507,625,1027,349,191
" "," ","Herlev",484,607,698,1391,501,192
" "," ","Hvidovre",843,1113,1463,2601,983,470
" "," ","Høje-Taastrup",866,1117,1342,2233,976,676
" "," ","Ishøj",337,523,534,850,507,301
" "," ","Lyngby-Taarbæk",900,947,1232,2996,1180,335
" "," ","Rødovre",706,837,1041,1825,717,291
" "," ","Vallensbæk",179,287,480,855,333,201
" "," ","Allerød",204,409,631,1627,643,197
" "," ","Egedal",421,851,1413,2892,926,302
" "," ","Fredensborg",506,811,1093,2077,759,292
" "," ","Frederikssund",594,930,1286,2059,865,406
" "," ","Furesø",412,640,955,2350,1079,343
" "," ","Gribskov",390,819,1099,1691,782,482
" "," ","Halsnæs",414,694,904,1254,500,307
" "," ","Helsingør",955,1247,1543,2848,1044,512
" "," ","Hillerød",737,964,1374,2572,1014,452
" "," ","Hørsholm",288,427,599,1316,505,173
" "," ","Rudersdal",600,851,1245,3179,1375,465
" "," ","Bornholm",680,953,1031,1149,553,224
" "," ","Christiansø",1,0,3,3,6,0
" "," ","Greve",571,1085,1489,2713,892,454
" "," ","Køge",913,1342,1793,3057,1044,543
" "," ","Lejre",256,546,816,1576,591,287
" "," ","Roskilde",1288,1700,2225,4581,1758,624
" "," ","Solrød",300,441,720,1478,465,114
" "," ","Faxe",561,942,1079,1566,569,282
" "," ","Guldborgsund",1137,1521,1548,2016,764,357
" "," ","Holbæk",1162,1718,1988,3057,1201,539
" "," ","Kalundborg",905,1218,1341,1777,710,308
" "," ","Lolland",907,1054,980,1111,507,220
" "," ","Næstved",1524,2051,2379,3347,1231,531
" "," ","Odsherred",521,799,802,1024,434,245
" "," ","Ringsted",606,972,1066,1662,578,353
" "," ","Slagelse",1579,1881,2101,2921,1135,556
" "," ","Sorø",508,762,820,1365,492,218
" "," ","Stevns",287,547,654,989,370,199
" "," ","Vordingborg",816,1092,1192,1521,562,332
" "," ","Assens",654,981,1124,1807,747,195
" "," ","Faaborg-Midtfyn",856,1169,1288,2203,827,342
" "," ","Kerteminde",353,538,659,1001,357,122
" "," ","Langeland",224,280,269,364,135,59
" "," ","Middelfart",636,937,1034,1834,710,207
" "," ","Nordfyns",479,719,821,1429,526,178
" "," ","Nyborg",599,774,855,1270,540,135
" "," ","Odense",3979,3937,4345,7736,3065,1105
" "," ","Svendborg",997,1146,1323,2343,992,339
" "," ","Ærø",104,146,115,128,68,16
" "," ","Billund",450,583,681,1136,526,180
" "," ","Esbjerg",2117,2399,2640,4506,1974,529
" "," ","Fanø",58,69,78,123,53,24
" "," ","Fredericia",1205,1196,1336,2095,813,308
" "," ","Haderslev",988,1213,1302,2168,1001,333
" "," ","Kolding",1719,1970,2253,4528,1801,483
" "," ","Sønderborg",1279,1559,1792,3007,1203,380
" "," ","Tønder",601,721,756,1119,686,217
" "," ","Varde",796,979,1070,1951,1102,350
" "," ","Vejen",725,1003,1122,1825,887,308
" "," ","Vejle",2026,2481,2681,5529,2432,709
" "," ","Aabenraa",1026,1278,1425,2334,1011,326
" "," ","Favrskov",710,996,1317,2919,1251,328
" "," ","Hedensted",653,1039,1370,2331,942,362
" "," ","Horsens",1603,2034,2317,4309,1649,495
" "," ","Norddjurs",670,869,921,1197,564,203
" "," ","Odder",321,473,521,1095,461,147
" "," ","Randers",2114,2390,2418,4250,1717,433
" "," ","Samsø",63,88,66,104,40,24
" "," ","Silkeborg",1442,1979,2295,4688,2089,581
" "," ","Skanderborg",843,1206,1591,3916,1560,358
" "," ","Syddjurs",611,939,1028,1955,842,278
" "," ","Aarhus",5870,6034,6401,12113,5208,2391
" "," ","Herning",1570,1726,2025,4022,1900,606
" "," ","Holstebro",984,1054,1215,2468,1230,365
" "," ","Ikast-Brande",670,866,1011,1852,896,294
" "," ","Lemvig",291,334,382,672,443,137
" "," ","Ringkøbing-Skjern",880,1044,1165,2141,1464,457
" "," ","Skive",880,964,973,1698,929,245
" "," ","Struer",409,428,486,809,416,103
" "," ","Viborg",1720,1918,2215,4392,1974,609
" "," ","Brønderslev",586,782,900,1647,675,181
" "," ","Frederikshavn",1048,1434,1471,2123,797,281
" "," ","Hjørring",1127,1408,1506,2398,1178,379
" "," ","Jammerbugt",616,813,1001,1573,733,216
" "," ","Læsø",28,58,36,49,18,8
" "," ","Mariagerfjord",762,913,978,1706,704,233
" "," ","Morsø",371,418,424,616,338,131
" "," ","Rebild",362,618,752,1530,662,169
" "," ","Thisted",699,804,981,1546,828,257
" "," ","Vesthimmerlands",642,772,857,1337,652,204
" "," ","Aalborg",3986,4323,4750,8135,3228,881
" ","50-59 år"
" "," ","København",19674,21932,11941,7560,2570,2226
" "," ","Frederiksberg",3440,4213,2281,1405,350,216
" "," ","Dragør",221,864,559,376,102,86
" "," ","Tårnby",1112,2550,1304,763,221,183
" "," ","Albertslund",772,1301,795,512,197,124
" "," ","Ballerup",1386,2725,1567,967,281,113
" "," ","Brøndby",925,1844,1062,659,225,170
" "," ","Gentofte",2042,3516,2639,2082,767,362
" "," ","Gladsaxe",1934,3235,2068,1370,381,217
" "," ","Glostrup",751,1239,636,329,118,98
" "," ","Herlev",775,1541,865,519,127,68
" "," ","Hvidovre",1369,2685,1526,913,274,224
" "," ","Høje-Taastrup",1200,2469,1523,933,380,294
" "," ","Ishøj",522,1146,669,430,164,134
" "," ","Lyngby-Taarbæk",1548,2631,1802,1273,371,133
" "," ","Rødovre",1201,2094,1131,640,205,126
" "," ","Vallensbæk",273,788,452,295,103,70
" "," ","Allerød",483,1488,1093,728,208,95
" "," ","Egedal",750,2789,1676,1120,309,211
" "," ","Fredensborg",1013,2316,1453,1024,288,184
" "," ","Frederikssund",1082,2995,1716,1065,345,226
" "," ","Furesø",823,2254,1431,1126,322,123
" "," ","Gribskov",878,2622,1609,960,366,375
" "," ","Halsnæs",796,1915,1113,596,259,203
" "," ","Helsingør",1970,3838,2154,1374,463,302
" "," ","Hillerød",1221,2963,1796,1253,388,237
" "," ","Hørsholm",595,1333,902,679,161,76
" "," ","Rudersdal",1209,2854,2175,1583,476,201
" "," ","Bornholm",1372,3088,1046,471,149,89
" "," ","Christiansø",1,11,1,2,0,0
" "," ","Greve",979,3135,1807,1170,325,268
" "," ","Køge",1567,3673,2105,1262,351,325
" "," ","Lejre",481,1742,1005,723,192,203
" "," ","Roskilde",2233,5045,2916,1961,558,365
" "," ","Solrød",411,1383,832,556,126,48
" "," ","Faxe",1002,2498,1268,646,232,172
" "," ","Guldborgsund",2116,4011,1638,854,295,184
" "," ","Holbæk",1927,4454,2262,1395,440,322
" "," ","Kalundborg",1644,3224,1470,818,234,163
" "," ","Lolland",1630,2932,1043,506,162,132
" "," ","Næstved",2439,5218,2522,1292,424,304
" "," ","Odsherred",1102,2179,1071,484,162,99
" "," ","Ringsted",917,2172,1121,662,182,148
" "," ","Slagelse",2476,4841,2281,1168,400,282
" "," ","Sorø",886,2027,998,568,179,86
" "," ","Stevns",610,1625,720,436,135,103
" "," ","Vordingborg",1513,2987,1350,762,237,122
" "," ","Assens",1122,2934,1324,731,220,98
" "," ","Faaborg-Midtfyn",1394,3552,1601,884,242,142
" "," ","Kerteminde",670,1790,792,397,89,65
" "," ","Langeland",469,883,347,128,53,25
" "," ","Middelfart",1034,2755,1324,717,183,55
" "," ","Nordfyns",794,2098,917,511,167,73
" "," ","Nyborg",955,2102,1019,543,146,56
" "," ","Odense",5811,9715,4909,2831,826,472
" "," ","Svendborg",1759,3590,1714,913,239,127
" "," ","Ærø",254,490,148,56,20,8
" "," ","Billund",659,1802,773,456,121,59
" "," ","Esbjerg",3436,7438,3077,1651,422,203
" "," ","Fanø",97,203,103,67,14,7
" "," ","Fredericia",1601,3428,1397,738,202,107
" "," ","Haderslev",1659,3713,1661,840,264,132
" "," ","Kolding",2445,5569,2638,1537,458,196
" "," ","Sønderborg",2250,5063,2210,1240,318,141
" "," ","Tønder",1123,2710,1102,531,197,109
" "," ","Varde",1260,3334,1549,866,275,131
" "," ","Vejen",1007,2709,1260,727,253,130
" "," ","Vejle",3092,6929,3489,2048,671,287
" "," ","Aabenraa",1719,4196,1598,919,268,119
" "," ","Favrskov",984,2984,1540,941,274,120
" "," ","Hedensted",1042,3191,1542,916,226,119
" "," ","Horsens",2431,5141,2388,1446,420,184
" "," ","Norddjurs",1194,2663,1082,541,190,104
" "," ","Odder",539,1496,721,489,124,98
" "," ","Randers",3080,5846,2690,1542,392,198
" "," ","Samsø",127,278,103,50,14,12
" "," ","Silkeborg",2308,5543,2915,1662,561,253
" "," ","Skanderborg",1234,3617,2047,1394,384,132
" "," ","Syddjurs",1113,2710,1420,827,253,131
" "," ","Aarhus",8623,13885,7821,5155,1655,1068
" "," ","Herning",2206,5314,2435,1629,449,234
" "," ","Holstebro",1456,3469,1581,902,306,151
" "," ","Ikast-Brande",1053,2578,1186,688,191,112
" "," ","Lemvig",573,1390,680,373,115,40
" "," ","Ringkøbing-Skjern",1469,3750,1616,975,321,127
" "," ","Skive",1281,3179,1258,726,200,70
" "," ","Struer",600,1373,646,307,99,35
" "," ","Viborg",2536,5811,2831,1679,510,185
" "," ","Brønderslev",971,2384,1017,630,165,78
" "," ","Frederikshavn",2010,4591,1646,823,190,104
" "," ","Hjørring",1932,4596,1887,895,277,103
" "," ","Jammerbugt",917,2611,1262,634,194,62
" "," ","Læsø",61,134,44,30,3,4
" "," ","Mariagerfjord",1244,2902,1319,741,184,67
" "," ","Morsø",644,1415,541,306,93,51
" "," ","Rebild",626,2027,915,513,139,87
" "," ","Thisted",1126,3027,1245,701,206,105
" "," ","Vesthimmerlands",1075,2556,1087,561,158,81
" "," ","Aalborg",5823,11396,5171,2753,774,360
" ","60-69 år"
" "," ","København",18308,19893,3798,1539,576,729
" "," ","Frederiksberg",3621,4412,695,194,83,88
" "," ","Dragør",368,1146,152,61,19,40
" "," ","Tårnby",1272,2908,436,114,57,84
" "," ","Albertslund",727,1426,228,96,35,65
" "," ","Ballerup",1378,2962,377,91,43,53
" "," ","Brøndby",1066,2263,335,133,64,120
" "," ","Gentofte",2279,4625,836,307,88,114
" "," ","Gladsaxe",2152,3962,572,198,62,72
" "," ","Glostrup",677,1362,145,66,28,35
" "," ","Herlev",969,1961,262,76,33,34
" "," ","Hvidovre",1475,3105,502,186,67,105
" "," ","Høje-Taastrup",1289,2888,456,167,84,106
" "," ","Ishøj",561,1196,220,74,45,72
" "," ","Lyngby-Taarbæk",1861,3546,507,153,50,51
" "," ","Rødovre",1400,2407,287,85,32,50
" "," ","Vallensbæk",303,957,120,44,29,41
" "," ","Allerød",465,1905,222,73,37,44
" "," ","Egedal",738,2785,402,144,79,89
" "," ","Fredensborg",1263,3164,457,163,47,96
" "," ","Frederikssund",1249,3506,619,217,107,121
" "," ","Furesø",932,2898,423,137,50,50
" "," ","Gribskov",1171,3519,669,253,159,184
" "," ","Halsnæs",1066,2709,472,182,95,95
" "," ","Helsingør",2310,4567,654,243,111,124
" "," ","Hillerød",1255,3299,498,168,81,133
" "," ","Hørsholm",740,1962,243,68,24,23
" "," ","Rudersdal",1459,4056,543,183,62,78
" "," ","Bornholm",1923,4177,355,83,53,48
" "," ","Christiansø",4,11,0,0,0,0
" "," ","Greve",1068,3569,476,143,76,134
" "," ","Køge",1513,3998,522,173,83,161
" "," ","Lejre",595,2284,323,138,53,101
" "," ","Roskilde",2344,5960,751,235,89,168
" "," ","Solrød",454,1682,187,67,28,21
" "," ","Faxe",1077,3227,321,106,50,84
" "," ","Guldborgsund",2572,5687,510,158,70,89
" "," ","Holbæk",2237,5712,708,216,96,122
" "," ","Kalundborg",1761,4276,444,157,53,62
" "," ","Lolland",2042,4220,386,91,45,30
" "," ","Næstved",2696,6695,781,209,102,144
" "," ","Odsherred",1423,3359,435,117,57,57
" "," ","Ringsted",951,2412,293,134,46,66
" "," ","Slagelse",2678,6053,657,190,82,109
" "," ","Sorø",939,2476,285,116,32,40
" "," ","Stevns",627,2148,266,89,52,59
" "," ","Vordingborg",2042,4325,494,139,59,61
" "," ","Assens",1206,3685,321,103,38,41
" "," ","Faaborg-Midtfyn",1551,4625,457,120,48,33
" "," ","Kerteminde",737,2188,170,47,31,15
" "," ","Langeland",659,1483,132,22,11,10
" "," ","Middelfart",1107,3525,290,102,26,19
" "," ","Nordfyns",846,2790,241,62,37,29
" "," ","Nyborg",1124,2811,274,76,29,28
" "," ","Odense",6137,12029,1457,446,176,171
" "," ","Svendborg",2180,5262,549,148,64,89
" "," ","Ærø",316,703,69,14,2,4
" "," ","Billund",690,2281,172,57,15,16
" "," ","Esbjerg",3752,9581,755,198,76,79
" "," ","Fanø",163,433,44,7,6,5
" "," ","Fredericia",1591,3868,337,77,34,44
" "," ","Haderslev",1869,4874,428,118,41,51
" "," ","Kolding",2495,6920,626,196,62,84
" "," ","Sønderborg",2253,6335,551,138,46,56
" "," ","Tønder",1325,3829,335,82,26,36
" "," ","Varde",1317,4743,370,107,33,56
" "," ","Vejen",1057,3576,347,76,39,44
" "," ","Vejle",3065,8384,843,213,99,104
" "," ","Aabenraa",1909,5470,470,125,29,45
" "," ","Favrskov",1121,3638,343,90,32,45
" "," ","Hedensted",1105,4006,393,96,47,39
" "," ","Horsens",2450,6420,662,163,61,66
" "," ","Norddjurs",1415,3534,359,96,27,38
" "," ","Odder",654,2048,189,79,27,31
" "," ","Randers",3192,7158,568,172,68,67
" "," ","Samsø",242,433,35,14,0,4
" "," ","Silkeborg",2646,7390,741,225,86,90
" "," ","Skanderborg",1427,4701,509,150,47,74
" "," ","Syddjurs",1404,4004,463,148,70,67
" "," ","Aarhus",9714,18508,2438,857,336,426
" "," ","Herning",2365,6951,583,146,55,73
" "," ","Holstebro",1614,4916,412,99,54,41
" "," ","Ikast-Brande",1059,3429,288,82,26,33
" "," ","Lemvig",671,2076,172,38,13,13
" "," ","Ringkøbing-Skjern",1606,5225,419,113,37,38
" "," ","Skive",1523,4429,328,79,27,21
" "," ","Struer",705,2170,175,26,6,8
" "," ","Viborg",2857,7914,721,201,64,77
" "," ","Brønderslev",1005,3117,265,58,20,28
" "," ","Frederikshavn",2100,6016,420,86,32,21
" "," ","Hjørring",2147,6001,524,116,39,46
" "," ","Jammerbugt",1200,3671,294,81,29,20
" "," ","Læsø",120,219,12,3,0,0
" "," ","Mariagerfjord",1344,3952,395,97,26,32
" "," ","Morsø",723,2043,143,29,13,5
" "," ","Rebild",678,2584,210,52,21,28
" "," ","Thisted",1425,4363,339,86,17,52
" "," ","Vesthimmerlands",1178,3344,281,92,32,24
" "," ","Aalborg",5972,14136,1257,366,133,130
" ","70-79 år"
" "," ","København",16152,13348,1201,449,206,266
" "," ","Frederiksberg",4254,4325,263,84,29,46
" "," ","Dragør",473,1164,52,24,9,14
" "," ","Tårnby",1355,2284,147,33,23,29
" "," ","Albertslund",936,1571,114,16,28,44
" "," ","Ballerup",1744,2972,118,29,18,35
" "," ","Brøndby",1142,1767,119,35,14,62
" "," ","Gentofte",2848,4216,308,69,55,74
" "," ","Gladsaxe",2111,2912,154,46,33,26
" "," ","Glostrup",780,1132,43,22,7,17
" "," ","Herlev",886,1425,80,11,9,16
" "," ","Hvidovre",1624,2399,150,56,30,53
" "," ","Høje-Taastrup",1568,2817,141,33,46,76
" "," ","Ishøj",742,1175,65,27,19,27
" "," ","Lyngby-Taarbæk",1978,2815,133,34,28,27
" "," ","Rødovre",1331,1787,89,21,12,28
" "," ","Vallensbæk",469,1158,58,13,8,13
" "," ","Allerød",701,1889,79,21,24,12
" "," ","Egedal",1167,3030,175,48,42,58
" "," ","Fredensborg",1524,3107,176,42,15,40
" "," ","Frederikssund",1737,3433,244,80,53,51
" "," ","Furesø",1291,2794,113,26,21,27
" "," ","Gribskov",1667,3663,312,123,71,90
" "," ","Halsnæs",1370,2521,213,66,38,41
" "," ","Helsingør",2759,4584,258,67,49,57
" "," ","Hillerød",1547,2998,153,58,33,49
" "," ","Hørsholm",1128,2187,76,27,14,15
" "," ","Rudersdal",2016,3800,177,53,21,53
" "," ","Bornholm",1875,3518,125,28,18,26
" "," ","Christiansø",4,5,0,0,0,0
" "," ","Greve",1734,3829,186,44,28,48
" "," ","Køge",1968,4207,220,69,33,81
" "," ","Lejre",833,2152,152,55,25,46
" "," ","Roskilde",2845,5360,278,78,44,72
" "," ","Solrød",679,1646,88,26,14,11
" "," ","Faxe",1224,2633,139,40,18,21
" "," ","Guldborgsund",2766,4911,193,39,37,36
" "," ","Holbæk",2248,4844,216,80,37,54
" "," ","Kalundborg",1945,3655,179,56,20,30
" "," ","Lolland",2233,3599,115,29,6,16
" "," ","Næstved",2960,5496,254,53,38,69
" "," ","Odsherred",1745,3240,172,56,24,20
" "," ","Ringsted",978,1949,106,47,14,23
" "," ","Slagelse",2939,5322,220,48,17,24
" "," ","Sorø",1056,1897,110,25,21,27
" "," ","Stevns",802,1968,93,46,21,14
" "," ","Vordingborg",2146,3792,195,58,26,20
" "," ","Assens",1390,3117,112,29,22,12
" "," ","Faaborg-Midtfyn",1794,4103,155,40,26,13
" "," ","Kerteminde",941,1944,44,15,4,11
" "," ","Langeland",708,1280,61,7,5,5
" "," ","Middelfart",1327,3002,115,15,10,14
" "," ","Nordfyns",983,2305,75,22,13,17
" "," ","Nyborg",1211,2485,90,25,11,9
" "," ","Odense",5971,10291,405,102,48,59
" "," ","Svendborg",2211,4156,177,38,16,30
" "," ","Ærø",380,626,25,6,2,0
" "," ","Billund",815,1804,42,8,1,10
" "," ","Esbjerg",3814,7526,233,40,21,35
" "," ","Fanø",212,388,9,3,1,2
" "," ","Fredericia",1693,3582,113,24,14,14
" "," ","Haderslev",1814,4031,134,24,10,19
" "," ","Kolding",2720,5654,203,39,23,26
" "," ","Sønderborg",2672,5950,149,28,15,11
" "," ","Tønder",1263,2986,77,11,7,5
" "," ","Varde",1425,3644,109,22,11,18
" "," ","Vejen",1172,2903,88,21,12,8
" "," ","Vejle",3419,7054,252,49,31,46
" "," ","Aabenraa",2057,4459,134,37,15,15
" "," ","Favrskov",1293,3143,111,23,15,8
" "," ","Hedensted",1234,3151,117,22,13,11
" "," ","Horsens",2555,5310,174,31,11,27
" "," ","Norddjurs",1456,2787,98,23,10,13
" "," ","Odder",704,1725,64,18,18,21
" "," ","Randers",3418,6265,176,51,17,25
" "," ","Samsø",242,367,8,4,0,1
" "," ","Silkeborg",2738,5995,206,56,28,31
" "," ","Skanderborg",1581,3906,136,32,24,20
" "," ","Syddjurs",1630,3611,162,32,16,27
" "," ","Aarhus",8737,14357,611,181,94,201
" "," ","Herning",2525,5648,160,30,15,17
" "," ","Holstebro",1696,3828,128,14,13,14
" "," ","Ikast-Brande",1196,2799,90,22,9,17
" "," ","Lemvig",778,1705,42,1,4,3
" "," ","Ringkøbing-Skjern",1811,4077,97,22,7,12
" "," ","Skive",1602,3477,81,20,5,4
" "," ","Struer",791,1831,37,6,1,4
" "," ","Viborg",2857,6212,214,36,22,22
" "," ","Brønderslev",1138,2571,74,10,7,8
" "," ","Frederikshavn",2538,5163,131,19,17,5
" "," ","Hjørring",2254,4772,149,25,9,13
" "," ","Jammerbugt",1346,3148,123,18,11,8
" "," ","Læsø",139,206,10,0,0,0
" "," ","Mariagerfjord",1481,3003,96,15,5,8
" "," ","Morsø",838,1641,46,8,1,3
" "," ","Rebild",801,1920,76,11,6,7
" "," ","Thisted",1531,3302,97,17,4,14
" "," ","Vesthimmerlands",1278,2787,112,28,1,4
" "," ","Aalborg",6447,12078,408,76,23,47
" ","80-89 år"
" "," ","København",7217,2959,237,85,45,62
" "," ","Frederiksberg",2348,1189,51,16,7,6
" "," ","Dragør",393,327,20,3,2,1
" "," ","Tårnby",916,646,22,8,5,5
" "," ","Albertslund",478,422,18,7,4,13
" "," ","Ballerup",1398,1142,30,5,6,7
" "," ","Brøndby",898,580,32,11,9,12
" "," ","Gentofte",1734,1221,59,13,15,12
" "," ","Gladsaxe",1531,867,39,7,6,4
" "," ","Glostrup",617,389,12,4,0,3
" "," ","Herlev",684,501,23,2,3,3
" "," ","Hvidovre",1159,752,25,7,10,6
" "," ","Høje-Taastrup",886,708,31,8,12,13
" "," ","Ishøj",321,232,8,7,4,6
" "," ","Lyngby-Taarbæk",1428,841,31,13,3,3
" "," ","Rødovre",1044,619,18,7,5,33
" "," ","Vallensbæk",280,276,7,3,4,4
" "," ","Allerød",552,555,18,1,1,4
" "," ","Egedal",702,719,50,18,9,12
" "," ","Fredensborg",835,753,54,12,10,7
" "," ","Frederikssund",1075,862,55,16,4,12
" "," ","Furesø",1041,987,48,10,5,8
" "," ","Gribskov",944,856,59,33,12,22
" "," ","Halsnæs",763,612,60,11,14,6
" "," ","Helsingør",1632,1263,59,24,17,12
" "," ","Hillerød",1065,876,49,12,8,5
" "," ","Hørsholm",868,734,28,5,2,4
" "," ","Rudersdal",1693,1383,49,28,7,11
" "," ","Bornholm",1264,961,26,9,1,17
" "," ","Christiansø",1,2,0,0,0,0
" "," ","Greve",964,956,30,7,9,16
" "," ","Køge",1158,980,51,19,8,41
" "," ","Lejre",511,490,27,8,5,13
" "," ","Roskilde",1876,1530,78,18,10,8
" "," ","Solrød",410,377,11,6,2,4
" "," ","Faxe",780,649,24,10,6,9
" "," ","Guldborgsund",1799,1352,37,9,8,2
" "," ","Holbæk",1495,1163,37,24,10,13
" "," ","Kalundborg",1152,998,46,7,7,5
" "," ","Lolland",1347,978,40,3,5,3
" "," ","Næstved",1895,1383,64,19,8,8
" "," ","Odsherred",982,787,30,16,4,1
" "," ","Ringsted",672,533,14,1,1,11
" "," ","Slagelse",1914,1333,68,14,2,5
" "," ","Sorø",627,531,26,3,4,1
" "," ","Stevns",532,464,24,8,6,3
" "," ","Vordingborg",1268,960,45,14,5,7
" "," ","Assens",996,845,25,7,3,4
" "," ","Faaborg-Midtfyn",1382,1151,34,10,3,5
" "," ","Kerteminde",646,613,16,1,3,1
" "," ","Langeland",492,360,13,1,2,0
" "," ","Middelfart",928,757,19,8,0,3
" "," ","Nordfyns",700,597,14,1,4,0
" "," ","Nyborg",817,683,19,4,3,1
" "," ","Odense",4094,3093,97,29,12,22
" "," ","Svendborg",1459,1258,28,10,2,6
" "," ","Ærø",266,189,8,1,0,0
" "," ","Billund",646,535,7,5,0,1
" "," ","Esbjerg",2628,2005,56,8,3,6
" "," ","Fanø",118,75,0,0,0,0
" "," ","Fredericia",1165,952,10,6,4,4
" "," ","Haderslev",1485,1220,29,1,0,2
" "," ","Kolding",1865,1624,45,9,2,10
" "," ","Sønderborg",2148,1915,39,8,10,4
" "," ","Tønder",1016,836,20,6,3,7
" "," ","Varde",1322,1060,19,6,1,2
" "," ","Vejen",1084,865,24,4,4,3
" "," ","Vejle",2462,1865,44,17,3,8
" "," ","Aabenraa",1423,1260,30,2,4,9
" "," ","Favrskov",853,800,11,9,3,2
" "," ","Hedensted",967,909,14,7,4,6
" "," ","Horsens",1712,1449,36,11,1,7
" "," ","Norddjurs",1023,788,25,2,0,4
" "," ","Odder",570,487,18,4,1,2
" "," ","Randers",2198,1700,42,12,5,8
" "," ","Samsø",143,101,3,0,0,1
" "," ","Silkeborg",1975,1487,55,12,9,6
" "," ","Skanderborg",1016,954,37,5,0,4
" "," ","Syddjurs",1033,908,40,11,4,4
" "," ","Aarhus",5490,3944,152,47,28,63
" "," ","Herning",1975,1553,29,7,3,5
" "," ","Holstebro",1327,1079,31,4,2,6
" "," ","Ikast-Brande",851,726,22,2,0,3
" "," ","Lemvig",582,463,9,1,0,0
" "," ","Ringkøbing-Skjern",1428,1194,23,5,2,3
" "," ","Skive",1175,1031,15,6,1,1
" "," ","Struer",565,469,4,3,0,0
" "," ","Viborg",2089,1819,40,3,5,6
" "," ","Brønderslev",944,779,17,1,1,1
" "," ","Frederikshavn",1788,1418,22,8,1,1
" "," ","Hjørring",1733,1338,34,11,5,2
" "," ","Jammerbugt",926,723,22,3,5,2
" "," ","Læsø",79,65,1,0,0,1
" "," ","Mariagerfjord",1055,816,24,2,1,0
" "," ","Morsø",609,472,5,1,0,0
" "," ","Rebild",639,501,21,3,1,0
" "," ","Thisted",1163,804,13,2,2,2
" "," ","Vesthimmerlands",1016,751,28,7,0,0
" "," ","Aalborg",4392,3248,79,16,11,9
" ","90-99 år"
" "," ","København",2107,279,18,9,12,3
" "," ","Frederiksberg",742,119,6,0,1,1
" "," ","Dragør",111,21,1,0,0,1
" "," ","Tårnby",323,34,3,0,0,0
" "," ","Albertslund",97,25,1,0,0,0
" "," ","Ballerup",240,56,4,1,0,1
" "," ","Brøndby",239,44,3,1,1,0
" "," ","Gentofte",663,122,17,2,3,3
" "," ","Gladsaxe",547,102,1,1,0,0
" "," ","Glostrup",182,27,0,0,1,0
" "," ","Herlev",251,35,1,0,0,1
" "," ","Hvidovre",359,57,2,1,0,2
" "," ","Høje-Taastrup",209,44,3,0,0,3
" "," ","Ishøj",59,18,2,0,0,1
" "," ","Lyngby-Taarbæk",680,117,4,1,0,0
" "," ","Rødovre",305,72,1,2,0,9
" "," ","Vallensbæk",56,19,2,0,0,1
" "," ","Allerød",130,52,2,0,0,2
" "," ","Egedal",112,21,2,3,0,2
" "," ","Fredensborg",241,47,5,1,1,0
" "," ","Frederikssund",232,51,7,1,2,1
" "," ","Furesø",277,55,7,0,0,0
" "," ","Gribskov",231,69,10,3,2,2
" "," ","Halsnæs",172,34,8,0,0,0
" "," ","Helsingør",433,101,7,4,1,1
" "," ","Hillerød",268,68,2,1,1,0
" "," ","Hørsholm",286,62,5,1,0,0
" "," ","Rudersdal",607,117,14,3,1,0
" "," ","Bornholm",324,75,5,3,1,7
" "," ","Christiansø",0,0,0,0,0,0
" "," ","Greve",160,49,5,0,2,0
" "," ","Køge",292,71,2,3,0,15
" "," ","Lejre",148,34,3,2,1,2
" "," ","Roskilde",498,85,4,2,1,1
" "," ","Solrød",93,14,1,0,0,0
" "," ","Faxe",227,51,1,1,0,0
" "," ","Guldborgsund",520,109,7,0,0,1
" "," ","Holbæk",424,84,7,6,1,4
" "," ","Kalundborg",306,75,5,0,1,0
" "," ","Lolland",381,68,3,1,1,0
" "," ","Næstved",489,95,2,1,2,1
" "," ","Odsherred",250,51,5,3,1,0
" "," ","Ringsted",187,28,1,2,0,0
" "," ","Slagelse",514,89,4,1,0,1
" "," ","Sorø",206,51,1,0,0,0
" "," ","Stevns",129,35,4,0,0,0
" "," ","Vordingborg",338,78,3,1,0,1
" "," ","Assens",306,68,2,3,0,0
" "," ","Faaborg-Midtfyn",445,98,6,2,1,1
" "," ","Kerteminde",199,30,4,0,0,0
" "," ","Langeland",174,30,1,0,0,1
" "," ","Middelfart",266,43,5,0,0,0
" "," ","Nordfyns",187,40,2,0,1,0
" "," ","Nyborg",281,68,4,0,0,0
" "," ","Odense",1199,222,16,5,2,3
" "," ","Svendborg",452,94,6,2,1,1
" "," ","Ærø",90,16,0,0,0,0
" "," ","Billund",180,48,0,0,1,0
" "," ","Esbjerg",682,113,7,2,0,1
" "," ","Fanø",35,5,0,0,0,0
" "," ","Fredericia",321,72,2,1,0,1
" "," ","Haderslev",389,86,3,0,3,2
" "," ","Kolding",542,119,3,0,1,0
" "," ","Sønderborg",553,129,3,1,1,1
" "," ","Tønder",343,64,3,2,1,1
" "," ","Varde",381,76,5,0,0,0
" "," ","Vejen",330,61,4,0,2,0
" "," ","Vejle",699,121,2,4,2,4
" "," ","Aabenraa",405,73,3,0,0,2
" "," ","Favrskov",226,56,1,1,0,1
" "," ","Hedensted",335,58,6,0,1,0
" "," ","Horsens",546,90,3,1,0,2
" "," ","Norddjurs",289,65,2,1,0,0
" "," ","Odder",161,26,0,0,0,0
" "," ","Randers",673,115,4,1,2,1
" "," ","Samsø",54,10,0,0,0,0
" "," ","Silkeborg",484,115,7,0,1,1
" "," ","Skanderborg",255,67,0,2,1,0
" "," ","Syddjurs",251,63,2,0,0,0
" "," ","Aarhus",1673,323,17,9,5,22
" "," ","Herning",525,101,3,1,0,0
" "," ","Holstebro",383,95,4,1,0,0
" "," ","Ikast-Brande",263,56,2,1,0,0
" "," ","Lemvig",145,38,1,1,0,0
" "," ","Ringkøbing-Skjern",458,87,2,0,0,3
" "," ","Skive",382,71,4,0,0,0
" "," ","Struer",156,42,0,0,0,0
" "," ","Viborg",643,122,4,0,0,0
" "," ","Brønderslev",274,71,3,0,0,0
" "," ","Frederikshavn",513,91,0,2,1,0
" "," ","Hjørring",500,119,6,3,0,0
" "," ","Jammerbugt",257,45,5,0,0,0
" "," ","Læsø",20,5,0,0,0,0
" "," ","Mariagerfjord",295,53,2,0,1,0
" "," ","Morsø",201,44,0,0,0,0
" "," ","Rebild",178,33,3,1,0,0
" "," ","Thisted",326,68,2,1,1,0
" "," ","Vesthimmerlands",292,66,5,0,1,0
" "," ","Aalborg",1231,242,12,3,0,2
" ","100 år og derover"
" "," ","København",82,1,0,1,0,1
" "," ","Frederiksberg",37,2,0,0,0,0
" "," ","Dragør",3,0,0,0,0,0
" "," ","Tårnby",8,0,0,0,0,0
" "," ","Albertslund",1,0,0,0,0,0
" "," ","Ballerup",4,1,0,0,0,0
" "," ","Brøndby",6,1,0,0,0,0
" "," ","Gentofte",39,2,0,0,0,0
" "," ","Gladsaxe",17,0,0,0,0,0
" "," ","Glostrup",6,0,0,0,0,0
" "," ","Herlev",7,0,0,0,0,0
" "," ","Hvidovre",8,1,0,0,0,0
" "," ","Høje-Taastrup",5,0,0,0,0,0
" "," ","Ishøj",3,0,0,0,0,0
" "," ","Lyngby-Taarbæk",27,1,0,0,0,0
" "," ","Rødovre",6,0,0,0,0,1
" "," ","Vallensbæk",0,0,0,0,0,0
" "," ","Allerød",3,0,0,0,0,0
" "," ","Egedal",4,0,0,0,1,0
" "," ","Fredensborg",7,0,0,1,0,0
" "," ","Frederikssund",9,0,1,0,0,0
" "," ","Furesø",6,0,0,0,0,0
" "," ","Gribskov",11,0,1,0,0,0
" "," ","Halsnæs",4,0,0,0,0,0
" "," ","Helsingør",16,0,0,0,0,0
" "," ","Hillerød",9,0,0,0,0,0
" "," ","Hørsholm",4,2,0,0,0,0
" "," ","Rudersdal",23,2,0,0,0,1
" "," ","Bornholm",10,1,0,0,0,0
" "," ","Christiansø",0,0,0,0,0,0
" "," ","Greve",4,0,0,0,0,0
" "," ","Køge",16,0,0,0,0,1
" "," ","Lejre",5,0,0,0,0,0
" "," ","Roskilde",16,2,0,1,0,0
" "," ","Solrød",2,0,0,0,0,0
" "," ","Faxe",6,0,0,0,0,0
" "," ","Guldborgsund",10,2,0,0,0,0
" "," ","Holbæk",13,0,0,0,0,0
" "," ","Kalundborg",12,1,0,0,0,0
" "," ","Lolland",9,3,0,0,0,0
" "," ","Næstved",21,0,1,1,0,0
" "," ","Odsherred",6,0,0,0,0,0
" "," ","Ringsted",5,0,0,0,0,0
" "," ","Slagelse",17,1,0,0,0,0
" "," ","Sorø",5,0,0,0,0,0
" "," ","Stevns",8,1,0,0,0,0
" "," ","Vordingborg",12,2,0,0,0,0
" "," ","Assens",9,1,0,0,0,0
" "," ","Faaborg-Midtfyn",7,1,0,0,0,0
" "," ","Kerteminde",4,0,0,0,0,0
" "," ","Langeland",3,0,1,0,0,0
" "," ","Middelfart",9,0,0,0,0,0
" "," ","Nordfyns",2,0,0,0,0,0
" "," ","Nyborg",3,1,0,0,0,0
" "," ","Odense",33,1,0,0,0,0
" "," ","Svendborg",17,1,0,0,0,0
" "," ","Ærø",1,1,0,0,0,0
" "," ","Billund",6,2,0,0,0,0
" "," ","Esbjerg",16,0,0,0,0,0
" "," ","Fanø",1,0,0,0,0,0
" "," ","Fredericia",5,0,0,0,0,0
" "," ","Haderslev",6,0,0,0,0,0
" "," ","Kolding",11,1,0,0,0,0
" "," ","Sønderborg",9,0,0,0,0,0
" "," ","Tønder",4,0,0,0,0,0
" "," ","Varde",16,1,0,0,0,0
" "," ","Vejen",6,1,0,0,0,0
" "," ","Vejle",22,1,0,0,0,0
" "," ","Aabenraa",6,0,0,0,0,0
" "," ","Favrskov",8,1,0,0,0,0
" "," ","Hedensted",10,0,0,0,0,0
" "," ","Horsens",17,0,0,0,0,0
" "," ","Norddjurs",6,0,0,0,0,0
" "," ","Odder",5,0,0,0,0,0
" "," ","Randers",19,1,0,0,0,0
" "," ","Samsø",1,0,0,0,0,0
" "," ","Silkeborg",16,1,0,0,0,0
" "," ","Skanderborg",5,0,0,0,0,0
" "," ","Syddjurs",5,0,0,0,0,0
" "," ","Aarhus",49,2,0,0,1,0
" "," ","Herning",18,1,0,0,0,0
" "," ","Holstebro",5,1,0,0,0,0
" "," ","Ikast-Brande",6,0,0,0,0,0
" "," ","Lemvig",7,0,0,0,0,0
" "," ","Ringkøbing-Skjern",13,1,0,0,0,0
" "," ","Skive",7,0,0,0,0,0
" "," ","Struer",6,1,0,0,0,0
" "," ","Viborg",22,0,0,0,0,0
" "," ","Brønderslev",3,0,0,0,0,0
" "," ","Frederikshavn",18,0,0,0,0,0
" "," ","Hjørring",18,3,0,0,0,0
" "," ","Jammerbugt",5,0,0,0,0,0
" "," ","Læsø",0,0,0,0,0,0
" "," ","Mariagerfjord",7,0,0,0,0,0
" "," ","Morsø",4,0,0,0,0,0
" "," ","Rebild",3,0,0,0,0,0
" "," ","Thisted",5,1,0,0,0,0
" "," ","Vesthimmerlands",12,0,0,0,0,0
" "," ","Aalborg",41,0,0,0,0,0

